"instrumentID","deploymentID","organismID","time","latitude","longitude","argosLC","argosErrorRadius","argosSemiMajor","argosSemiMinor","argosOrientation"
"15U2176","15U2176_2016-08-28","eddies:Vader","2016-08-28T20:42:17",41.509,-69.432,"B",NA,NA,NA,NA
"15U2176","15U2176_2016-08-28","eddies:Vader","2016-08-28T20:43:04",41.5093,-69.4325,"B",NA,NA,NA,NA
"15U2176","15U2176_2016-08-28","eddies:Vader","2016-08-28T22:24:30",41.503,-69.382,"A",NA,NA,NA,NA
"15U2176","15U2176_2016-08-28","eddies:Vader","2016-08-28T22:28:29",41.5025,-69.3821,"A",303,1450,63,56
"15U2176","15U2176_2016-08-28","eddies:Vader","2016-08-29T01:43:00",41.491,-69.347,"B",NA,NA,NA,NA
"15U2176","15U2176_2016-08-28","eddies:Vader","2016-08-29T01:47:16",41.4905,-69.3468,"B",NA,NA,NA,NA
"15U2176","15U2176_2016-08-28","eddies:Vader","2016-08-29T07:19:07",41.401,-69.218,"1",NA,NA,NA,NA
"15U2176","15U2176_2016-08-28","eddies:Vader","2016-08-29T07:25:29",41.401,-69.218,"1",1407,5998,330,106
"15U2176","15U2176_2016-08-28","eddies:Vader","2016-08-29T11:03:06",41.4298,-69.1922,"1",778,1453,416,99
"15U2176","15U2176_2016-08-28","eddies:Vader","2016-08-29T11:07:28",41.43,-69.192,"1",NA,NA,NA,NA
"15U2176","15U2176_2016-08-28","eddies:Vader","2016-08-29T20:30:24",41.307,-69.117,"1",NA,NA,NA,NA
"15U2176","15U2176_2016-08-28","eddies:Vader","2016-08-29T20:32:34",41.3072,-69.1172,"1",804,2277,283,149
"15U2176","15U2176_2016-08-28","eddies:Vader","2016-08-29T21:25:24",41.2781,-69.0892,"A",1273,4053,400,163
"15U2176","15U2176_2016-08-28","eddies:Vader","2016-08-30T00:29:08",41.396,-68.424,"A",NA,NA,NA,NA
"15U2176","15U2176_2016-08-28","eddies:Vader","2016-08-30T00:29:54",41.3961,-68.4243,"A",44627,NA,NA,NA
"15U2176","15U2176_2016-08-28","eddies:Vader","2016-08-30T17:02:15",41.3213,-69.2887,"0",5327,19961,1421,107
"15U2176","15U2176_2016-08-28","eddies:Vader","2016-08-30T18:41:20",41.298,-69.302,"1",NA,NA,NA,NA
"15U2176","15U2176_2016-08-28","eddies:Vader","2016-08-30T18:41:44",41.2982,-69.3016,"1",988,5253,185,78
"15U2176","15U2176_2016-08-28","eddies:Vader","2016-08-30T19:56:15",41.287,-69.336,"0",NA,NA,NA,NA
"15U2176","15U2176_2016-08-28","eddies:Vader","2016-08-30T19:59:28",41.2873,-69.3356,"0",1608,4327,597,118
"15U2176","15U2176_2016-08-28","eddies:Vader","2016-08-30T21:31:48",41.351,-69.443,"B",NA,NA,NA,NA
"15U2176","15U2176_2016-08-28","eddies:Vader","2016-08-30T21:32:09",41.3515,-69.4433,"B",25935,496348,1355,121
"15U2176","15U2176_2016-08-28","eddies:Vader","2016-08-31T00:19:46",41.4113,-69.4801,"0",9428,108175,821,115
"15U2176","15U2176_2016-08-28","eddies:Vader","2016-08-31T00:20:32",41.411,-69.48,"0",NA,NA,NA,NA
"15U2176","15U2176_2016-08-28","eddies:Vader","2016-08-31T18:28:15",41.3119,-69.2954,"A",321,2701,38,86
"15U2176","15U2176_2016-08-28","eddies:Vader","2016-08-31T20:58:05",41.263,-69.305,"1",NA,NA,NA,NA
"15U2176","15U2176_2016-08-28","eddies:Vader","2016-08-31T21:02:55",41.263,-69.3046,"1",1233,2007,757,121
"15U2176","15U2176_2016-08-28","eddies:Vader","2016-08-31T22:13:36",41.277,-69.3328,"2",380,566,255,57
"15U2176","15U2176_2016-08-28","eddies:Vader","2016-08-31T22:17:50",41.277,-69.333,"2",NA,NA,NA,NA
"15U2176","15U2176_2016-08-28","eddies:Vader","2016-08-31T22:40:53",41.277,-69.327,"0",NA,NA,NA,NA
"15U2176","15U2176_2016-08-28","eddies:Vader","2016-08-31T22:44:39",41.2771,-69.3265,"0",2516,8888,712,43
"15U2176","15U2176_2016-08-28","eddies:Vader","2016-08-31T22:52:41",41.2795,-69.3311,"1",991,1773,553,71
"15U2176","15U2176_2016-08-28","eddies:Vader","2016-09-01T18:13:33",41.338,-69.088,"A",NA,NA,NA,NA
"15U2176","15U2176_2016-08-28","eddies:Vader","2016-09-01T22:24:32",41.368,-69.141,"2",NA,NA,NA,NA
"15U2176","15U2176_2016-08-28","eddies:Vader","2016-09-02T02:51:19",41.443,-69.153,"A",NA,NA,NA,NA
"15U2176","15U2176_2016-08-28","eddies:Vader","2016-09-02T06:39:12",41.479,-69.147,"1",NA,NA,NA,NA
"15U2176","15U2176_2016-08-28","eddies:Vader","2016-09-02T10:37:39",41.482,-69.152,"1",NA,NA,NA,NA
"15U2176","15U2176_2016-08-28","eddies:Vader","2016-09-02T10:39:01",41.478,-69.147,"0",NA,NA,NA,NA
"15U2176","15U2176_2016-08-28","eddies:Vader","2016-09-02T18:06:42",41.682,-69.25,"1",NA,NA,NA,NA
"15U2176","15U2176_2016-08-28","eddies:Vader","2016-09-03T17:58:17",41.686,-69.228,"0",NA,NA,NA,NA
"15U2176","15U2176_2016-08-28","eddies:Vader","2016-09-03T22:07:56",41.665,-69.147,"0",NA,NA,NA,NA
"15U2176","15U2176_2016-08-28","eddies:Vader","2016-09-03T22:19:37",41.663,-69.141,"2",NA,NA,NA,NA
"15U2176","15U2176_2016-08-28","eddies:Vader","2016-09-04T17:41:12",41.61,-68.96,"A",NA,NA,NA,NA
"15U2176","15U2176_2016-08-28","eddies:Vader","2016-09-04T19:26:07",41.532,-69.078,"2",NA,NA,NA,NA
"15U2176","15U2176_2016-08-28","eddies:Vader","2016-09-04T21:50:28",41.452,-69.085,"0",NA,NA,NA,NA
"15U2176","15U2176_2016-08-28","eddies:Vader","2016-09-04T21:56:33",41.443,-69.066,"1",NA,NA,NA,NA
"15U2176","15U2176_2016-08-28","eddies:Vader","2016-09-04T23:35:30",41.401,-69.135,"0",NA,NA,NA,NA
"15U2176","15U2176_2016-08-28","eddies:Vader","2016-09-05T17:33:14",41.617,-69.333,"2",NA,NA,NA,NA
"15U2176","15U2176_2016-08-28","eddies:Vader","2016-09-05T22:28:19",41.705,-69.349,"1",NA,NA,NA,NA
"15U2176","15U2176_2016-08-28","eddies:Vader","2016-09-05T23:26:20",41.679,-69.344,"0",NA,NA,NA,NA
"15U2176","15U2176_2016-08-28","eddies:Vader","2016-09-05T23:47:42",41.682,-69.346,"0",NA,NA,NA,NA
"15U2176","15U2176_2016-08-28","eddies:Vader","2016-09-06T00:36:47",41.666,-69.342,"B",NA,NA,NA,NA
"15U2176","15U2176_2016-08-28","eddies:Vader","2016-09-06T01:26:28",41.66,-69.391,"0",NA,NA,NA,NA
"15U2176","15U2176_2016-08-28","eddies:Vader","2016-09-06T19:01:14",41.386,-69.353,"1",NA,NA,NA,NA
"15U2176","15U2176_2016-08-28","eddies:Vader","2016-09-06T20:23:39",41.369,-69.293,"1",NA,NA,NA,NA
"15U2176","15U2176_2016-08-28","eddies:Vader","2016-09-07T19:57:14",41.633,-69.21,"A",NA,NA,NA,NA
"15U2176","15U2176_2016-08-28","eddies:Vader","2016-09-07T21:22:26",41.595,-69.221,"1",NA,NA,NA,NA
"15U2176","15U2176_2016-08-28","eddies:Vader","2016-09-07T21:37:19",41.597,-69.214,"1",NA,NA,NA,NA
"15U2176","15U2176_2016-08-28","eddies:Vader","2016-09-08T17:03:02",41.771,-69.34,"A",NA,NA,NA,NA
"15U2176","15U2176_2016-08-28","eddies:Vader","2016-09-08T21:07:37",41.854,-69.29,"A",NA,NA,NA,NA
"15U2176","15U2176_2016-08-28","eddies:Vader","2016-09-09T20:09:49",42.078,-69.096,"1",NA,NA,NA,NA
"15U2176","15U2176_2016-08-28","eddies:Vader","2016-09-10T01:45:56",42.089,-69.141,"1",NA,NA,NA,NA
"15U2176","15U2176_2016-08-28","eddies:Vader","2016-09-10T18:16:24",42.037,-69.316,"2",NA,NA,NA,NA
"15U2176","15U2176_2016-08-28","eddies:Vader","2016-09-11T01:20:05",42.074,-69.467,"B",NA,NA,NA,NA
"15U2176","15U2176_2016-08-28","eddies:Vader","2016-09-11T01:24:07",42.081,-69.46,"0",NA,NA,NA,NA
"15U2176","15U2176_2016-08-28","eddies:Vader","2016-09-11T06:36:02",42.053,-69.638,"B",NA,NA,NA,NA
"15U2176","15U2176_2016-08-28","eddies:Vader","2016-09-11T09:21:44",42.104,-69.586,"A",NA,NA,NA,NA
"15U2176","15U2176_2016-08-28","eddies:Vader","2016-09-12T08:48:01",42.138,-69.665,"1",NA,NA,NA,NA
"15U2176","15U2176_2016-08-28","eddies:Vader","2016-09-13T07:53:58",42.156,-69.908,"B",NA,NA,NA,NA
"15U2176","15U2176_2016-08-28","eddies:Vader","2016-09-13T08:19:18",42.168,-69.908,"A",NA,NA,NA,NA
"15U2176","15U2176_2016-08-28","eddies:Vader","2016-09-13T09:35:01",42.139,-69.849,"0",NA,NA,NA,NA
"15U2176","15U2176_2016-08-28","eddies:Vader","2016-09-13T10:26:59",42.137,-69.833,"0",NA,NA,NA,NA
"15U2176","15U2176_2016-08-28","eddies:Vader","2016-09-13T11:38:03",42.094,-69.871,"A",NA,NA,NA,NA
"15U2176","15U2176_2016-08-28","eddies:Vader","2016-09-13T20:13:48",42.189,-69.595,"A",NA,NA,NA,NA
"15U2176","15U2176_2016-08-28","eddies:Vader","2016-09-14T02:02:17",42.146,-69.493,"A",NA,NA,NA,NA
"15U2176","15U2176_2016-08-28","eddies:Vader","2016-09-14T06:04:48",42.083,-69.368,"B",NA,NA,NA,NA
"15U2176","15U2176_2016-08-28","eddies:Vader","2016-09-14T17:32:25",42.04,-69.162,"0",NA,NA,NA,NA
"15U2176","15U2176_2016-08-28","eddies:Vader","2016-09-14T19:07:43",42.068,-69.056,"0",NA,NA,NA,NA
"15U2176","15U2176_2016-08-28","eddies:Vader","2016-09-14T23:25:55",41.955,-69.425,"A",NA,NA,NA,NA
"15U2176","15U2176_2016-08-28","eddies:Vader","2016-09-15T01:40:40",41.897,-69.303,"1",NA,NA,NA,NA
"15U2176","15U2176_2016-08-28","eddies:Vader","2016-09-15T17:20:46",41.714,-69.379,"0",NA,NA,NA,NA
"15U2176","15U2176_2016-08-28","eddies:Vader","2016-09-15T19:01:39",41.654,-69.345,"0",NA,NA,NA,NA
"15U2176","15U2176_2016-08-28","eddies:Vader","2016-09-15T21:27:30",41.631,-69.221,"1",NA,NA,NA,NA
"15U2176","15U2176_2016-08-28","eddies:Vader","2016-09-16T17:07:44",41.382,-69.242,"2",NA,NA,NA,NA
"15U2176","15U2176_2016-08-28","eddies:Vader","2016-09-16T18:47:46",41.31,-69.214,"1",NA,NA,NA,NA
"15U2176","15U2176_2016-08-28","eddies:Vader","2016-09-17T18:33:18",41.34,-69.402,"0",NA,NA,NA,NA
"15U2176","15U2176_2016-08-28","eddies:Vader","2016-09-17T20:16:32",41.344,-69.421,"2",NA,NA,NA,NA
"15U2176","15U2176_2016-08-28","eddies:Vader","2016-09-18T20:56:04",41.396,-69.215,"0",NA,NA,NA,NA
"15U2176","15U2176_2016-08-28","eddies:Vader","2016-09-18T22:35:25",41.379,-69.249,"2",NA,NA,NA,NA
"15U2176","15U2176_2016-08-28","eddies:Vader","2016-09-18T22:51:55",41.377,-69.257,"2",NA,NA,NA,NA
"15U2176","15U2176_2016-08-28","eddies:Vader","2016-09-18T23:40:36",41.357,-69.342,"B",NA,NA,NA,NA
"15U2176","15U2176_2016-08-28","eddies:Vader","2016-09-19T00:18:13",41.388,-69.295,"B",NA,NA,NA,NA
"15U2176","15U2176_2016-08-28","eddies:Vader","2016-09-19T00:33:05",41.39,-69.309,"1",NA,NA,NA,NA
"15U2176","15U2176_2016-08-28","eddies:Vader","2016-09-19T01:08:18",41.327,-69.197,"B",NA,NA,NA,NA
"15U2176","15U2176_2016-08-28","eddies:Vader","2016-09-19T20:45:03",41.431,-69.355,"A",NA,NA,NA,NA
"15U2176","15U2176_2016-08-28","eddies:Vader","2016-09-20T17:58:05",41.64,-69.297,"A",NA,NA,NA,NA
"15U2176","15U2176_2016-08-28","eddies:Vader","2016-09-20T19:39:23",41.625,-69.41,"0",NA,NA,NA,NA
"15U2176","15U2176_2016-08-28","eddies:Vader","2016-09-20T22:14:46",41.543,-69.439,"A",NA,NA,NA,NA
"15U2176","15U2176_2016-08-28","eddies:Vader","2016-09-20T23:30:22",41.515,-69.434,"2",NA,NA,NA,NA
"15U2176","15U2176_2016-08-28","eddies:Vader","2016-09-20T23:52:01",41.509,-69.445,"B",NA,NA,NA,NA
"15U2176","15U2176_2016-08-28","eddies:Vader","2016-09-21T00:29:39",41.477,-69.483,"A",NA,NA,NA,NA
"15U2176","15U2176_2016-08-28","eddies:Vader","2016-09-23T09:24:14",41.533,-69.306,"2",NA,NA,NA,NA
"15U2176","15U2176_2016-08-28","eddies:Vader","2016-09-23T09:45:55",41.544,-69.321,"B",NA,NA,NA,NA
"15U2176","15U2176_2016-08-28","eddies:Vader","2016-09-23T11:52:52",41.538,-69.335,"0",NA,NA,NA,NA
"15U2176","15U2176_2016-08-28","eddies:Vader","2016-09-24T18:57:25",41.512,-69.398,"0",NA,NA,NA,NA
"15U2176","15U2176_2016-08-28","eddies:Vader","2016-09-24T22:55:59",41.526,-69.365,"1",NA,NA,NA,NA
"15U2176","15U2176_2016-08-28","eddies:Vader","2016-09-25T17:06:42",41.656,-69.132,"1",NA,NA,NA,NA
"15U2176","15U2176_2016-08-28","eddies:Vader","2016-09-25T20:28:18",41.618,-69.129,"B",NA,NA,NA,NA
"15U2176","15U2176_2016-08-28","eddies:Vader","2016-09-25T21:17:59",41.682,-69.105,"A",NA,NA,NA,NA
"15U2176","15U2176_2016-08-28","eddies:Vader","2016-09-26T20:16:30",41.302,-69.283,"1",NA,NA,NA,NA
"15U2176","15U2176_2016-08-28","eddies:Vader","2016-09-26T22:01:59",41.309,-69.253,"2",NA,NA,NA,NA
"15U2176","15U2176_2016-08-28","eddies:Vader","2016-09-27T23:18:25",41.314,-69.293,"0",NA,NA,NA,NA
"15U2176","15U2176_2016-08-28","eddies:Vader","2016-09-29T01:49:46",41.377,-69.292,"B",NA,NA,NA,NA
"15U2176","15U2176_2016-08-28","eddies:Vader","2016-09-29T18:00:22",41.395,-69.269,"2",NA,NA,NA,NA
"15U2176","15U2176_2016-08-28","eddies:Vader","2016-09-29T19:41:02",41.381,-69.326,"2",NA,NA,NA,NA
"15U2176","15U2176_2016-08-28","eddies:Vader","2016-09-30T21:37:27",41.182,-69.194,"A",NA,NA,NA,NA
"15U2176","15U2176_2016-08-28","eddies:Vader","2016-09-30T23:17:50",41.182,-69.145,"B",NA,NA,NA,NA
"15U2176","15U2176_2016-08-28","eddies:Vader","2016-09-30T23:32:31",41.222,-69.184,"A",NA,NA,NA,NA
"15U2176","15U2176_2016-08-28","eddies:Vader","2016-10-02T01:44:09",41.492,-68.339,"B",NA,NA,NA,NA
"15U2176","15U2176_2016-08-28","eddies:Vader","2016-10-02T09:25:02",41.422,-68.328,"B",NA,NA,NA,NA
"15U2176","15U2176_2016-08-28","eddies:Vader","2016-10-02T11:46:10",41.382,-68.273,"A",NA,NA,NA,NA
"15U2176","15U2176_2016-08-28","eddies:Vader","2016-10-03T17:16:01",41.886,-67.909,"1",NA,NA,NA,NA
"15U2176","15U2176_2016-08-28","eddies:Vader","2016-10-03T18:54:54",41.911,-67.84,"0",NA,NA,NA,NA
"15U2176","15U2176_2016-08-28","eddies:Vader","2016-10-03T23:22:09",41.947,-67.816,"B",NA,NA,NA,NA
"15U2176","15U2176_2016-08-28","eddies:Vader","2016-10-05T10:20:24",42.196,-66.727,"1",NA,NA,NA,NA
"15U2176","15U2176_2016-08-28","eddies:Vader","2016-10-05T20:58:27",42.242,-66.418,"A",NA,NA,NA,NA
"15U2176","15U2176_2016-08-28","eddies:Vader","2016-10-06T15:02:42",42.077,-65.965,"A",NA,NA,NA,NA
"15U2176","15U2176_2016-08-28","eddies:Vader","2016-10-06T18:21:19",42.035,-65.914,"0",NA,NA,NA,NA
"15U2176","15U2176_2016-08-28","eddies:Vader","2016-10-06T20:01:14",42.021,-65.905,"1",NA,NA,NA,NA
"15U2176","15U2176_2016-08-28","eddies:Vader","2016-10-06T20:49:31",42.038,-65.866,"A",NA,NA,NA,NA
"15U2176","15U2176_2016-08-28","eddies:Vader","2016-10-07T14:43:42",42.021,-65.533,"0",NA,NA,NA,NA
"15U2176","15U2176_2016-08-28","eddies:Vader","2016-10-08T18:00:21",42.408,-64.983,"2",NA,NA,NA,NA
"15U2176","15U2176_2016-08-28","eddies:Vader","2016-10-08T20:25:23",42.366,-64.855,"A",NA,NA,NA,NA
"15U2176","15U2176_2016-08-28","eddies:Vader","2016-10-09T19:29:02",42.019,-64.341,"B",NA,NA,NA,NA
"15U2176","15U2176_2016-08-28","eddies:Vader","2016-10-09T20:13:01",41.991,-64.299,"A",NA,NA,NA,NA
"15U2176","15U2176_2016-08-28","eddies:Vader","2016-10-10T19:34:02",41.544,-63.838,"B",NA,NA,NA,NA
"15U2176","15U2176_2016-08-28","eddies:Vader","2016-10-11T17:28:26",41.193,-63.563,"B",NA,NA,NA,NA
"15U2176","15U2176_2016-08-28","eddies:Vader","2016-10-12T09:04:00",41.01,-63.688,"B",NA,NA,NA,NA
"15U2176","15U2176_2016-08-28","eddies:Vader","2016-10-12T11:31:19",40.899,-63.562,"0",NA,NA,NA,NA
"15U2176","15U2176_2016-08-28","eddies:Vader","2016-10-13T12:41:47",40.601,-63.233,"0",NA,NA,NA,NA
"15U2176","15U2176_2016-08-28","eddies:Vader","2016-10-13T19:59:25",40.636,-63.112,"1",NA,NA,NA,NA
"15U2176","15U2176_2016-08-28","eddies:Vader","2016-10-15T13:34:30",40.68,-62.596,"B",NA,NA,NA,NA
"15U2176","15U2176_2016-08-28","eddies:Vader","2016-10-15T20:52:19",40.623,-62.596,"1",NA,NA,NA,NA
"15U2176","15U2176_2016-08-28","eddies:Vader","2016-10-15T22:09:00",40.618,-62.608,"1",NA,NA,NA,NA
"15U2176","15U2176_2016-08-28","eddies:Vader","2016-10-15T23:49:18",40.633,-62.591,"1",NA,NA,NA,NA
"15U2176","15U2176_2016-08-28","eddies:Vader","2016-10-16T00:58:20",40.641,-62.595,"0",NA,NA,NA,NA
"15U2176","15U2176_2016-08-28","eddies:Vader","2016-10-16T23:23:01",40.676,-62.415,"0",NA,NA,NA,NA
"15U2176","15U2176_2016-08-28","eddies:Vader","2016-10-17T02:19:40",40.681,-62.374,"0",NA,NA,NA,NA
"15U2176","15U2176_2016-08-28","eddies:Vader","2016-10-17T17:51:55",40.643,-62.147,"B",NA,NA,NA,NA
"15U2176","15U2176_2016-08-28","eddies:Vader","2016-10-17T21:08:20",40.707,-62.243,"A",NA,NA,NA,NA
"15U2176","15U2176_2016-08-28","eddies:Vader","2016-10-17T22:00:44",40.674,-62.298,"0",NA,NA,NA,NA
"15U2176","15U2176_2016-08-28","eddies:Vader","2016-10-19T07:56:42",41.053,-61.672,"B",NA,NA,NA,NA
"15U2176","15U2176_2016-08-28","eddies:Vader","2016-10-19T11:49:03",41.155,-61.663,"1",NA,NA,NA,NA
"15U2176","15U2176_2016-08-28","eddies:Vader","2016-10-19T14:00:09",41.325,-62.005,"B",NA,NA,NA,NA
"15U2176","15U2176_2016-08-28","eddies:Vader","2016-10-20T19:03:06",41.582,-60.584,"1",NA,NA,NA,NA
"15U2176","15U2176_2016-08-28","eddies:Vader","2016-10-20T22:03:05",41.643,-60.518,"1",NA,NA,NA,NA
"15U2176","15U2176_2016-08-28","eddies:Vader","2016-10-21T14:51:46",41.913,-59.932,"A",NA,NA,NA,NA
"15U2176","15U2176_2016-08-28","eddies:Vader","2016-10-21T17:11:13",41.913,-59.881,"1",NA,NA,NA,NA
"15U2176","15U2176_2016-08-28","eddies:Vader","2016-10-21T21:41:10",41.964,-59.803,"1",NA,NA,NA,NA
"15U2176","15U2176_2016-08-28","eddies:Vader","2016-10-21T22:26:20",41.976,-59.743,"B",NA,NA,NA,NA
"15U2176","15U2176_2016-08-28","eddies:Vader","2016-10-22T00:01:21",42.046,-59.772,"A",NA,NA,NA,NA
"15U2176","15U2176_2016-08-28","eddies:Vader","2016-10-22T00:35:31",41.969,-59.833,"B",NA,NA,NA,NA
"15U2176","15U2176_2016-08-28","eddies:Vader","2016-10-22T17:02:48",42.351,-59.505,"0",NA,NA,NA,NA
"15U2176","15U2176_2016-08-28","eddies:Vader","2016-10-22T18:39:27",42.388,-59.439,"1",NA,NA,NA,NA
"15U2176","15U2176_2016-08-28","eddies:Vader","2016-10-22T19:33:17",42.408,-59.417,"B",NA,NA,NA,NA
"15U2176","15U2176_2016-08-28","eddies:Vader","2016-10-23T18:34:49",42.724,-58.813,"B",NA,NA,NA,NA
"15U2176","15U2176_2016-08-28","eddies:Vader","2016-10-23T22:29:59",42.511,-58.703,"2",NA,NA,NA,NA
"15U2176","15U2176_2016-08-28","eddies:Vader","2016-10-23T22:33:52",42.512,-58.702,"0",NA,NA,NA,NA
"15U2176","15U2176_2016-08-28","eddies:Vader","2016-10-23T22:59:33",42.517,-58.707,"B",NA,NA,NA,NA
"15U2176","15U2176_2016-08-28","eddies:Vader","2016-10-25T12:21:36",42.13,-58.326,"2",NA,NA,NA,NA
"15U2176","15U2176_2016-08-28","eddies:Vader","2016-10-25T15:11:51",42.088,-58.305,"1",NA,NA,NA,NA
"15U2176","15U2176_2016-08-28","eddies:Vader","2016-10-26T09:19:12",41.9,-57.864,"B",NA,NA,NA,NA
"15U2176","15U2176_2016-08-28","eddies:Vader","2016-10-28T06:08:12",41.253,-56.966,"A",NA,NA,NA,NA
"15U2176","15U2176_2016-08-28","eddies:Vader","2016-10-28T07:44:25",41.227,-56.766,"A",NA,NA,NA,NA
"15U2176","15U2176_2016-08-28","eddies:Vader","2016-10-28T15:47:49",41.34,-56.509,"A",NA,NA,NA,NA
"15U2176","15U2176_2016-08-28","eddies:Vader","2016-10-28T20:26:41",41.263,-56.582,"1",NA,NA,NA,NA
"15U2176","15U2176_2016-08-28","eddies:Vader","2016-10-29T15:30:01",41.469,-56.098,"B",NA,NA,NA,NA
"15U2176","15U2176_2016-08-28","eddies:Vader","2016-10-29T17:20:40",41.519,-56.029,"B",NA,NA,NA,NA
"15U2176","15U2176_2016-08-28","eddies:Vader","2016-10-31T13:12:12",42.298,-54.844,"B",NA,NA,NA,NA
"15U2176","15U2176_2016-08-28","eddies:Vader","2016-11-02T18:17:28",42.29,-53.789,"1",NA,NA,NA,NA
"15U2176","15U2176_2016-08-28","eddies:Vader","2016-11-03T09:54:19",42.439,-53.521,"1",NA,NA,NA,NA
"15U2176","15U2176_2016-08-28","eddies:Vader","2016-11-03T12:03:39",42.393,-53.521,"A",NA,NA,NA,NA
"15U2176","15U2176_2016-08-28","eddies:Vader","2016-11-03T21:14:32",42.513,-53.482,"1",NA,NA,NA,NA
"15U2176","15U2176_2016-08-28","eddies:Vader","2016-11-03T23:28:28",42.491,-53.428,"B",NA,NA,NA,NA
"15U2176","15U2176_2016-08-28","eddies:Vader","2016-11-04T20:10:45",42.228,-53.517,"1",NA,NA,NA,NA
"15U2176","15U2176_2016-08-28","eddies:Vader","2016-11-05T07:53:23",42.083,-53.63,"1",NA,NA,NA,NA
"15U2176","15U2176_2016-08-28","eddies:Vader","2016-11-05T13:02:31",42.056,-53.665,"1",NA,NA,NA,NA
"15U2176","15U2176_2016-08-28","eddies:Vader","2016-11-05T13:59:34",42.038,-53.658,"A",NA,NA,NA,NA
"15U2176","15U2176_2016-08-28","eddies:Vader","2016-11-05T14:42:26",42.021,-53.645,"0",NA,NA,NA,NA
"15U2176","15U2176_2016-08-28","eddies:Vader","2016-11-06T08:43:11",42.044,-53.625,"A",NA,NA,NA,NA
"15U2176","15U2176_2016-08-28","eddies:Vader","2016-11-07T00:06:47",42.208,-53.532,"B",NA,NA,NA,NA
"15U2176","15U2176_2016-08-28","eddies:Vader","2016-11-07T09:44:58",42.341,-53.458,"2",NA,NA,NA,NA
"15U2176","15U2176_2016-08-28","eddies:Vader","2016-11-07T12:18:21",42.387,-53.493,"1",NA,NA,NA,NA
"15U2176","15U2176_2016-08-28","eddies:Vader","2016-11-07T17:18:46",42.473,-53.59,"2",NA,NA,NA,NA
"15U2176","15U2176_2016-08-28","eddies:Vader","2016-11-07T21:11:17",42.377,-53.886,"B",NA,NA,NA,NA
"15U2176","15U2176_2016-08-28","eddies:Vader","2016-11-08T05:36:28",42.618,-53.779,"0",NA,NA,NA,NA
"15U2176","15U2176_2016-08-28","eddies:Vader","2016-11-08T17:06:07",42.653,-54.163,"2",NA,NA,NA,NA
"15U2176","15U2176_2016-08-28","eddies:Vader","2016-11-10T00:38:17",42.088,-54.717,"B",NA,NA,NA,NA
"15U2176","15U2176_2016-08-28","eddies:Vader","2016-11-10T06:55:13",42.135,-54.443,"B",NA,NA,NA,NA
"15U2176","15U2176_2016-08-28","eddies:Vader","2016-11-10T09:11:56",42.085,-54.751,"0",NA,NA,NA,NA
"15U2176","15U2176_2016-08-28","eddies:Vader","2016-11-10T16:43:44",42.006,-54.299,"1",NA,NA,NA,NA
"15U2176","15U2176_2016-08-28","eddies:Vader","2016-11-10T22:26:54",41.944,-54.164,"0",NA,NA,NA,NA
"15U2176","15U2176_2016-08-28","eddies:Vader","2016-11-11T19:38:00",41.801,-53.715,"B",NA,NA,NA,NA
"15U2176","15U2176_2016-08-28","eddies:Vader","2016-11-11T23:57:22",41.729,-53.797,"0",NA,NA,NA,NA
"15U2176","15U2176_2016-08-28","eddies:Vader","2016-11-12T06:37:44",41.834,-53.991,"A",NA,NA,NA,NA
"15U2176","15U2176_2016-08-28","eddies:Vader","2016-11-12T08:47:53",41.629,-53.57,"1",NA,NA,NA,NA
"15U2176","15U2176_2016-08-28","eddies:Vader","2016-11-12T13:17:31",41.556,-53.459,"B",NA,NA,NA,NA
"15U2176","15U2176_2016-08-28","eddies:Vader","2016-11-12T19:42:16",41.644,-53.524,"0",NA,NA,NA,NA
"15U2176","15U2176_2016-08-28","eddies:Vader","2016-11-12T21:01:32",41.652,-53.51,"0",NA,NA,NA,NA
"15U2176","15U2176_2016-08-28","eddies:Vader","2016-11-13T23:21:44",41.215,-53.418,"B",NA,NA,NA,NA
"15U2176","15U2176_2016-08-28","eddies:Vader","2016-11-14T13:13:40",40.936,-53.795,"0",NA,NA,NA,NA
"15U2176","15U2176_2016-08-28","eddies:Vader","2016-11-15T06:02:19",40.722,-54.146,"B",NA,NA,NA,NA
"15U2176","15U2176_2016-08-28","eddies:Vader","2016-11-16T09:11:00",40.464,-54.95,"A",NA,NA,NA,NA
"15U2176","15U2176_2016-08-28","eddies:Vader","2016-11-16T11:29:32",40.473,-55,"1",NA,NA,NA,NA
"15U2176","15U2176_2016-08-28","eddies:Vader","2016-11-17T09:00:38",40.301,-55.252,"B",NA,NA,NA,NA
"15U2176","15U2176_2016-08-28","eddies:Vader","2016-11-17T11:15:49",40.342,-55.424,"1",NA,NA,NA,NA
"15U2176","15U2176_2016-08-28","eddies:Vader","2016-11-18T18:35:56",40.331,-56.14,"A",NA,NA,NA,NA
"15U2176","15U2176_2016-08-28","eddies:Vader","2016-11-18T21:08:35",40.419,-56.056,"1",NA,NA,NA,NA
"15U2176","15U2176_2016-08-28","eddies:Vader","2016-11-19T09:54:13",40.701,-56.163,"2",NA,NA,NA,NA
"15U2176","15U2176_2016-08-28","eddies:Vader","2016-11-20T12:56:17",41.598,-55.943,"B",NA,NA,NA,NA
"15U2176","15U2176_2016-08-28","eddies:Vader","2016-11-20T18:05:56",42.033,-55.201,"B",NA,NA,NA,NA
"15U2176","15U2176_2016-08-28","eddies:Vader","2016-11-20T22:39:14",41.897,-55.908,"B",NA,NA,NA,NA
"15U2176","15U2176_2016-08-28","eddies:Vader","2016-11-21T07:29:11",41.962,-55.958,"2",NA,NA,NA,NA
"15U2176","15U2176_2016-08-28","eddies:Vader","2016-11-21T08:07:59",41.986,-55.914,"B",NA,NA,NA,NA
"15U2176","15U2176_2016-08-28","eddies:Vader","2016-11-21T10:24:09",41.902,-56.15,"B",NA,NA,NA,NA
"15U2176","15U2176_2016-08-28","eddies:Vader","2016-11-21T16:18:58",41.91,-55.899,"0",NA,NA,NA,NA
"15U2176","15U2176_2016-08-28","eddies:Vader","2016-11-21T19:42:12",41.956,-55.928,"1",NA,NA,NA,NA
"15U2176","15U2176_2016-08-28","eddies:Vader","2016-11-21T21:17:07",41.953,-55.927,"A",NA,NA,NA,NA
"15U2176","15U2176_2016-08-28","eddies:Vader","2016-11-22T13:07:15",42.017,-55.915,"A",NA,NA,NA,NA
"15U2176","15U2176_2016-08-28","eddies:Vader","2016-11-22T13:54:25",42.021,-55.904,"1",NA,NA,NA,NA
"15U2176","15U2176_2016-08-28","eddies:Vader","2016-11-22T17:48:10",42.005,-55.882,"1",NA,NA,NA,NA
"15U2176","15U2176_2016-08-28","eddies:Vader","2016-11-23T19:16:42",42.032,-55.983,"1",NA,NA,NA,NA
"15U2176","15U2176_2016-08-28","eddies:Vader","2016-11-23T21:15:06",42.023,-56.066,"B",NA,NA,NA,NA
"15U2176","15U2176_2016-08-28","eddies:Vader","2016-11-24T09:30:48",42.059,-55.899,"2",NA,NA,NA,NA
"15U2176","15U2176_2016-08-28","eddies:Vader","2016-11-24T09:55:31",42.043,-55.891,"1",NA,NA,NA,NA
"15U2176","15U2176_2016-08-28","eddies:Vader","2016-11-24T19:03:10",41.974,-55.684,"B",NA,NA,NA,NA
"15U2176","15U2176_2016-08-28","eddies:Vader","2016-11-24T21:25:02",41.953,-55.668,"1",NA,NA,NA,NA
"15U2176","15U2176_2016-08-28","eddies:Vader","2016-11-24T22:52:53",41.863,-55.662,"A",NA,NA,NA,NA
"15U2176","15U2176_2016-08-28","eddies:Vader","2016-11-25T20:53:29",41.686,-55.449,"1",NA,NA,NA,NA
"15U2176","15U2176_2016-08-28","eddies:Vader","2016-11-26T11:09:39",41.696,-54.981,"2",NA,NA,NA,NA
"15U2176","15U2176_2016-08-28","eddies:Vader","2016-11-26T13:23:32",41.744,-54.883,"B",NA,NA,NA,NA
"15U2176","15U2176_2016-08-28","eddies:Vader","2016-11-27T10:58:43",41.497,-54.345,"0",NA,NA,NA,NA
"15U2176","15U2176_2016-08-28","eddies:Vader","2016-11-28T21:00:38",40.966,-53.471,"1",NA,NA,NA,NA
"15U2176","15U2176_2016-08-28","eddies:Vader","2016-11-30T14:22:48",39.615,-53.457,"0",NA,NA,NA,NA
"15U2176","15U2176_2016-08-28","eddies:Vader","2016-12-02T06:06:29",39.481,-53.82,"2",NA,NA,NA,NA
"15U2176","15U2176_2016-08-28","eddies:Vader","2016-12-04T21:09:12",39.731,-54.992,"B",NA,NA,NA,NA
"15U2176","15U2176_2016-08-28","eddies:Vader","2016-12-05T09:53:39",39.796,-55.453,"A",NA,NA,NA,NA
"15U2176","15U2176_2016-08-28","eddies:Vader","2016-12-05T20:58:47",39.866,-55.196,"0",NA,NA,NA,NA
"15U2176","15U2176_2016-08-28","eddies:Vader","2016-12-06T13:20:54",39.957,-55.325,"A",NA,NA,NA,NA
"15U2176","15U2176_2016-08-28","eddies:Vader","2016-12-06T14:02:10",39.983,-55.317,"2",NA,NA,NA,NA
"15U2176","15U2176_2016-08-28","eddies:Vader","2016-12-09T06:29:19",40.383,-54.37,"2",NA,NA,NA,NA
"15U2176","15U2176_2016-08-28","eddies:Vader","2016-12-09T20:09:08",40.311,-53.979,"A",NA,NA,NA,NA
"15U2176","15U2176_2016-08-28","eddies:Vader","2016-12-10T20:52:53",40.203,-53.893,"0",NA,NA,NA,NA
"15U2176","15U2176_2016-08-28","eddies:Vader","2016-12-11T11:40:15",39.789,-53.932,"0",NA,NA,NA,NA
"15U2176","15U2176_2016-08-28","eddies:Vader","2016-12-11T12:17:00",39.785,-53.898,"2",NA,NA,NA,NA
"15U2176","15U2176_2016-08-28","eddies:Vader","2016-12-11T13:12:20",39.765,-53.919,"1",NA,NA,NA,NA
"15U2176","15U2176_2016-08-28","eddies:Vader","2016-12-11T14:00:59",39.729,-53.909,"1",NA,NA,NA,NA
"15U2176","15U2176_2016-08-28","eddies:Vader","2016-12-12T01:17:10",39.612,-54.028,"0",NA,NA,NA,NA
"15U2176","15U2176_2016-08-28","eddies:Vader","2016-12-12T23:21:13",39.549,-54.408,"B",NA,NA,NA,NA
"15U2176","15U2176_2016-08-28","eddies:Vader","2016-12-12T23:43:51",39.505,-54.375,"A",NA,NA,NA,NA
"15U2176","15U2176_2016-08-28","eddies:Vader","2016-12-13T09:56:48",39.622,-54.457,"0",NA,NA,NA,NA
"15U2176","15U2176_2016-08-28","eddies:Vader","2016-12-16T06:49:41",40.023,-53.868,"1",NA,NA,NA,NA
"15U2176","15U2176_2016-08-28","eddies:Vader","2016-12-16T07:46:54",40.032,-53.81,"1",NA,NA,NA,NA
"15U2176","15U2176_2016-08-28","eddies:Vader","2016-12-16T08:26:59",40.033,-53.832,"0",NA,NA,NA,NA
"15U2176","15U2176_2016-08-28","eddies:Vader","2016-12-16T08:41:23",40.024,-53.775,"0",NA,NA,NA,NA
"15U2176","15U2176_2016-08-28","eddies:Vader","2016-12-16T18:15:54",40.045,-53.445,"1",NA,NA,NA,NA
"15U2176","15U2176_2016-08-28","eddies:Vader","2016-12-18T10:04:44",38.799,-53.648,"1",NA,NA,NA,NA
"15U2176","15U2176_2016-08-28","eddies:Vader","2016-12-18T10:19:20",38.804,-53.619,"1",NA,NA,NA,NA
"15U2176","15U2176_2016-08-28","eddies:Vader","2016-12-19T23:14:13",38.766,-54.254,"A",NA,NA,NA,NA
"15U2176","15U2176_2016-08-28","eddies:Vader","2016-12-20T10:19:12",38.808,-54.419,"1",NA,NA,NA,NA
"15U2176","15U2176_2016-08-28","eddies:Vader","2016-12-21T17:22:21",39.013,-55.151,"0",NA,NA,NA,NA
"15U2176","15U2176_2016-08-28","eddies:Vader","2016-12-23T00:51:25",39.046,-55.78,"0",NA,NA,NA,NA
"15U2176","15U2176_2016-08-28","eddies:Vader","2016-12-23T10:59:02",39.146,-55.977,"1",NA,NA,NA,NA
"15U2176","15U2176_2016-08-28","eddies:Vader","2016-12-24T21:38:30",39.392,-56.743,"1",NA,NA,NA,NA
"15U2176","15U2176_2016-08-28","eddies:Vader","2016-12-24T22:13:54",39.419,-56.755,"2",NA,NA,NA,NA
"15U2176","15U2176_2016-08-28","eddies:Vader","2016-12-24T22:29:55",39.434,-56.786,"1",NA,NA,NA,NA
"15U2176","15U2176_2016-08-28","eddies:Vader","2016-12-25T10:38:37",39.906,-56.963,"A",NA,NA,NA,NA
"15U2176","15U2176_2016-08-28","eddies:Vader","2016-12-25T12:17:08",39.972,-57.055,"0",NA,NA,NA,NA
"15U2176","15U2176_2016-08-28","eddies:Vader","2016-12-25T12:32:02",39.97,-57.053,"B",NA,NA,NA,NA
"15U2176","15U2176_2016-08-28","eddies:Vader","2016-12-26T06:39:11",40.544,-57.244,"0",NA,NA,NA,NA
"15U2176","15U2176_2016-08-28","eddies:Vader","2016-12-26T08:15:03",40.567,-57.28,"B",NA,NA,NA,NA
"15U2176","15U2176_2016-08-28","eddies:Vader","2016-12-26T09:11:37",40.552,-57.313,"B",NA,NA,NA,NA
"15U2176","15U2176_2016-08-28","eddies:Vader","2016-12-26T09:33:32",40.582,-57.3,"0",NA,NA,NA,NA
"15U2176","15U2176_2016-08-28","eddies:Vader","2016-12-26T10:27:32",40.58,-57.311,"1",NA,NA,NA,NA
"15U2176","15U2176_2016-08-28","eddies:Vader","2016-12-26T10:54:46",40.562,-57.318,"1",NA,NA,NA,NA
"15U2176","15U2176_2016-08-28","eddies:Vader","2016-12-26T11:11:26",40.575,-57.316,"B",NA,NA,NA,NA
"15U2176","15U2176_2016-08-28","eddies:Vader","2016-12-26T12:05:57",40.57,-57.35,"A",NA,NA,NA,NA
"15U2176","15U2176_2016-08-28","eddies:Vader","2016-12-26T21:27:24",40.553,-57.424,"1",NA,NA,NA,NA
"15U2176","15U2176_2016-08-28","eddies:Vader","2016-12-27T00:24:36",40.555,-57.368,"2",NA,NA,NA,NA
"15U2176","15U2176_2016-08-28","eddies:Vader","2016-12-28T06:09:38",40.582,-56.24,"B",NA,NA,NA,NA
"15U2176","15U2176_2016-08-28","eddies:Vader","2016-12-28T08:43:14",40.561,-56.06,"B",NA,NA,NA,NA
"15U2176","15U2176_2016-08-28","eddies:Vader","2016-12-28T10:05:17",40.519,-56.016,"2",NA,NA,NA,NA
"15U2176","15U2176_2016-08-28","eddies:Vader","2016-12-29T17:27:39",40.174,-54.844,"1",NA,NA,NA,NA
"15U2176","15U2176_2016-08-28","eddies:Vader","2016-12-29T23:12:28",40.051,-54.741,"A",NA,NA,NA,NA
"15U2176","15U2176_2016-08-28","eddies:Vader","2016-12-30T00:06:02",39.969,-54.752,"B",NA,NA,NA,NA
"15U2176","15U2176_2016-08-28","eddies:Vader","2016-12-30T23:45:45",39.531,-54.33,"1",NA,NA,NA,NA
"15U2176","15U2176_2016-08-28","eddies:Vader","2016-12-31T01:27:18",39.517,-54.324,"2",NA,NA,NA,NA
"15U2176","15U2176_2016-08-28","eddies:Vader","2016-12-31T09:56:50",39.373,-54.258,"A",NA,NA,NA,NA
"15U2176","15U2176_2016-08-28","eddies:Vader","2016-12-31T10:47:55",39.346,-54.23,"1",NA,NA,NA,NA
"15U2176","15U2176_2016-08-28","eddies:Vader","2016-12-31T11:08:49",39.34,-54.226,"2",NA,NA,NA,NA
"15U2176","15U2176_2016-08-28","eddies:Vader","2016-12-31T17:02:28",39.159,-54.131,"1",NA,NA,NA,NA
"15U2176","15U2176_2016-08-28","eddies:Vader","2017-01-02T08:35:42",38.617,-53.8,"B",NA,NA,NA,NA
"15U2176","15U2176_2016-08-28","eddies:Vader","2017-01-02T09:57:02",38.634,-53.773,"1",NA,NA,NA,NA
"15U2176","15U2176_2016-08-28","eddies:Vader","2017-01-02T21:18:28",38.723,-53.506,"0",NA,NA,NA,NA
"15U2176","15U2176_2016-08-28","eddies:Vader","2017-01-04T06:33:29",38.439,-53.404,"1",NA,NA,NA,NA
"15U2176","15U2176_2016-08-28","eddies:Vader","2017-01-05T08:39:32",38.384,-53.367,"A",NA,NA,NA,NA
"15U2176","15U2176_2016-08-28","eddies:Vader","2017-01-05T21:14:45",38.298,-53.274,"0",NA,NA,NA,NA
"15U2176","15U2176_2016-08-28","eddies:Vader","2017-01-06T21:20:22",38.435,-54.42,"B",NA,NA,NA,NA
"15U2176","15U2176_2016-08-28","eddies:Vader","2017-01-06T22:27:05",38.361,-54.198,"B",NA,NA,NA,NA
"15U2176","15U2176_2016-08-28","eddies:Vader","2017-01-07T09:50:36",38.382,-53.64,"B",NA,NA,NA,NA
"15U2176","15U2176_2016-08-28","eddies:Vader","2017-01-08T01:14:51",38.397,-53.936,"B",NA,NA,NA,NA
"15U2176","15U2176_2016-08-28","eddies:Vader","2017-01-08T22:07:24",38.678,-54.267,"1",NA,NA,NA,NA
"15U2176","15U2176_2016-08-28","eddies:Vader","2017-01-08T22:59:16",38.685,-54.264,"1",NA,NA,NA,NA
"15U2176","15U2176_2016-08-28","eddies:Vader","2017-01-10T21:15:53",38.714,-54.891,"0",NA,NA,NA,NA
"15U2176","15U2176_2016-08-28","eddies:Vader","2017-01-10T22:01:09",38.708,-54.836,"1",NA,NA,NA,NA
"15U2176","15U2176_2016-08-28","eddies:Vader","2017-01-10T22:17:16",38.704,-54.84,"2",NA,NA,NA,NA
"15U2176","15U2176_2016-08-28","eddies:Vader","2017-01-10T22:56:47",38.678,-54.871,"A",NA,NA,NA,NA
"15U2176","15U2176_2016-08-28","eddies:Vader","2017-01-10T23:19:44",38.675,-54.822,"1",NA,NA,NA,NA
"15U2176","15U2176_2016-08-28","eddies:Vader","2017-01-11T00:58:16",38.645,-54.828,"1",NA,NA,NA,NA
"15U2176","15U2176_2016-08-28","eddies:Vader","2017-01-11T21:28:43",38.104,-54.851,"1",NA,NA,NA,NA
"15U2176","15U2176_2016-08-28","eddies:Vader","2017-01-11T23:07:40",38.048,-54.883,"A",NA,NA,NA,NA
"15U2176","15U2176_2016-08-28","eddies:Vader","2017-01-11T23:49:25",38.047,-54.976,"B",NA,NA,NA,NA
"15U2176","15U2176_2016-08-28","eddies:Vader","2017-01-12T00:37:26",38.065,-54.791,"0",NA,NA,NA,NA
"15U2176","15U2176_2016-08-28","eddies:Vader","2017-01-12T02:19:09",37.955,-54.875,"A",NA,NA,NA,NA
"15U2176","15U2176_2016-08-28","eddies:Vader","2017-01-12T21:53:03",37.833,-55.406,"1",NA,NA,NA,NA
"15U2176","15U2176_2016-08-28","eddies:Vader","2017-01-12T22:05:37",37.831,-55.38,"1",NA,NA,NA,NA
"15U2176","15U2176_2016-08-28","eddies:Vader","2017-01-12T22:38:08",37.827,-55.419,"3",NA,NA,NA,NA
"15U2176","15U2176_2016-08-28","eddies:Vader","2017-01-12T23:35:48",37.817,-55.446,"B",NA,NA,NA,NA
"15U2176","15U2176_2016-08-28","eddies:Vader","2017-01-13T01:59:30",37.811,-55.5,"A",NA,NA,NA,NA
"15U2176","15U2176_2016-08-28","eddies:Vader","2017-01-14T10:06:45",37.636,-56.139,"0",NA,NA,NA,NA
"15U2176","15U2176_2016-08-28","eddies:Vader","2017-01-15T21:20:33",38.135,-56.933,"A",NA,NA,NA,NA
"15U2176","15U2176_2016-08-28","eddies:Vader","2017-01-18T22:50:57",39.354,-59.103,"A",NA,NA,NA,NA
"15U2176","15U2176_2016-08-28","eddies:Vader","2017-01-19T00:48:13",39.247,-59.163,"B",NA,NA,NA,NA
"15U2176","15U2176_2016-08-28","eddies:Vader","2017-01-19T01:34:25",39.32,-59.086,"1",NA,NA,NA,NA
"15U2176","15U2176_2016-08-28","eddies:Vader","2017-01-21T01:44:46",40.166,-58.824,"B",NA,NA,NA,NA
"15U2176","15U2176_2016-08-28","eddies:Vader","2017-01-27T05:27:06",41.081,-56.481,"B",NA,NA,NA,NA
"15U2176","15U2176_2016-08-28","eddies:Vader","2017-01-27T21:29:34",41.028,-56.282,"A",NA,NA,NA,NA
"15U2176","15U2176_2016-08-28","eddies:Vader","2017-01-28T06:59:32",40.972,-56.426,"2",NA,NA,NA,NA
"15U2176","15U2176_2016-08-28","eddies:Vader","2017-01-28T12:23:50",41.048,-56.539,"B",NA,NA,NA,NA
"15U2176","15U2176_2016-08-28","eddies:Vader","2017-01-28T14:06:24",41.036,-56.507,"2",NA,NA,NA,NA
"15U2176","15U2176_2016-08-28","eddies:Vader","2017-01-28T20:58:35",41.093,-56.553,"2",NA,NA,NA,NA
"15U2176","15U2176_2016-08-28","eddies:Vader","2017-01-28T22:35:58",41.051,-56.502,"B",NA,NA,NA,NA
"15U2176","15U2176_2016-08-28","eddies:Vader","2017-01-28T23:45:14",41.04,-56.634,"B",NA,NA,NA,NA
"15U2176","15U2176_2016-08-28","eddies:Vader","2017-01-29T09:57:46",41.057,-56.813,"B",NA,NA,NA,NA
"15U2176","15U2176_2016-08-28","eddies:Vader","2017-01-29T12:14:24",41.13,-56.823,"B",NA,NA,NA,NA
"15U2176","15U2176_2016-08-28","eddies:Vader","2017-01-29T18:13:09",41.214,-57.002,"0",NA,NA,NA,NA
"15U2176","15U2176_2016-08-28","eddies:Vader","2017-01-30T18:02:52",41.482,-57.116,"1",NA,NA,NA,NA
"15U2176","15U2176_2016-08-28","eddies:Vader","2017-01-31T19:34:20",41.417,-57.501,"A",NA,NA,NA,NA
"15U2176","15U2176_2016-08-28","eddies:Vader","2017-02-01T14:23:15",41.308,-57.384,"2",NA,NA,NA,NA
"15U2176","15U2176_2016-08-28","eddies:Vader","2017-02-04T22:19:05",42.372,-57.82,"0",NA,NA,NA,NA
"15U2176","15U2176_2016-08-28","eddies:Vader","2017-02-04T22:29:40",42.373,-57.808,"2",NA,NA,NA,NA
"15U2176","15U2176_2016-08-28","eddies:Vader","2017-02-04T23:03:52",42.377,-57.786,"0",NA,NA,NA,NA
"15U2176","15U2176_2016-08-28","eddies:Vader","2017-02-05T02:25:21",42.329,-57.653,"A",NA,NA,NA,NA
"15U2176","15U2176_2016-08-28","eddies:Vader","2017-02-06T02:03:04",42.256,-57.521,"2",NA,NA,NA,NA
"15U2176","15U2176_2016-08-28","eddies:Vader","2017-02-08T13:35:59",42.407,-57.637,"1",NA,NA,NA,NA
"15U2176","15U2176_2016-08-28","eddies:Vader","2017-02-08T15:18:49",42.446,-57.546,"B",NA,NA,NA,NA
"15U2176","15U2176_2016-08-28","eddies:Vader","2017-02-08T23:34:15",42.498,-57.368,"1",NA,NA,NA,NA
"15U2176","15U2176_2016-08-28","eddies:Vader","2017-02-09T10:45:15",42.247,-57.025,"0",NA,NA,NA,NA
"15U2176","15U2176_2016-08-28","eddies:Vader","2017-02-09T11:48:57",42.238,-57.035,"2",NA,NA,NA,NA
"15U2176","15U2176_2016-08-28","eddies:Vader","2017-02-09T23:03:44",42.053,-57.155,"1",NA,NA,NA,NA
"15U2176","15U2176_2016-08-28","eddies:Vader","2017-02-10T00:37:06",42.032,-57.293,"0",NA,NA,NA,NA
"15U2176","15U2176_2016-08-28","eddies:Vader","2017-02-10T01:32:11",42.03,-57.239,"B",NA,NA,NA,NA
"15U2176","15U2176_2016-08-28","eddies:Vader","2017-02-10T02:21:41",42.077,-57.231,"1",NA,NA,NA,NA
"15U2176","15U2176_2016-08-28","eddies:Vader","2017-02-11T09:41:58",41.851,-57.116,"0",NA,NA,NA,NA
"15U2176","15U2176_2016-08-28","eddies:Vader","2017-02-12T09:10:40",41.769,-57.622,"A",NA,NA,NA,NA
"15U2176","15U2176_2016-08-28","eddies:Vader","2017-02-12T23:10:33",41.804,-57.85,"1",NA,NA,NA,NA
"15U2176","15U2176_2016-08-28","eddies:Vader","2017-02-13T03:00:25",41.828,-58.048,"B",NA,NA,NA,NA
"15U2176","15U2176_2016-08-28","eddies:Vader","2017-02-13T17:06:16",41.878,-58.16,"A",NA,NA,NA,NA
"15U2176","15U2176_2016-08-28","eddies:Vader","2017-02-14T07:02:43",41.73,-58.226,"0",NA,NA,NA,NA
"15U2176","15U2176_2016-08-28","eddies:Vader","2017-02-14T08:43:55",41.719,-58.07,"B",NA,NA,NA,NA
"15U2176","15U2176_2016-08-28","eddies:Vader","2017-02-14T10:26:16",41.708,-58.092,"1",NA,NA,NA,NA
"15U2176","15U2176_2016-08-28","eddies:Vader","2017-02-14T18:33:50",41.571,-58.029,"1",NA,NA,NA,NA
"15U2176","15U2176_2016-08-28","eddies:Vader","2017-02-15T06:52:58",41.674,-58.273,"1",NA,NA,NA,NA
"15U2176","15U2176_2016-08-28","eddies:Vader","2017-02-15T08:35:09",41.705,-58.278,"2",NA,NA,NA,NA
"15U2176","15U2176_2016-08-28","eddies:Vader","2017-02-16T11:13:59",41.84,-57.924,"2",NA,NA,NA,NA
"15U2176","15U2176_2016-08-28","eddies:Vader","2017-02-16T12:29:46",41.823,-57.862,"B",NA,NA,NA,NA
"15U2176","15U2176_2016-08-28","eddies:Vader","2017-02-17T06:32:41",41.545,-58.321,"1",NA,NA,NA,NA
"15U2176","15U2176_2016-08-28","eddies:Vader","2017-02-17T17:58:57",41.443,-58.656,"2",NA,NA,NA,NA
"15U2176","15U2176_2016-08-28","eddies:Vader","2017-02-17T19:38:52",41.41,-58.626,"A",NA,NA,NA,NA
"15U2176","15U2176_2016-08-28","eddies:Vader","2017-02-17T20:01:29",41.398,-58.718,"B",NA,NA,NA,NA
"15U2176","15U2176_2016-08-28","eddies:Vader","2017-02-17T20:27:35",41.402,-58.707,"A",NA,NA,NA,NA
"15U2176","15U2176_2016-08-28","eddies:Vader","2017-02-17T22:07:18",41.389,-58.744,"1",NA,NA,NA,NA
"15U2176","15U2176_2016-08-28","eddies:Vader","2017-02-17T23:31:55",41.541,-58.451,"A",NA,NA,NA,NA
"15U2176","15U2176_2016-08-28","eddies:Vader","2017-02-19T13:11:02",41.084,-59.27,"B",NA,NA,NA,NA
"15U2176","15U2176_2016-08-28","eddies:Vader","2017-02-19T23:01:29",40.933,-59.353,"B",NA,NA,NA,NA
"15U2176","15U2176_2016-08-28","eddies:Vader","2017-02-20T17:23:20",40.791,-59.452,"B",NA,NA,NA,NA
"15U2176","15U2176_2016-08-28","eddies:Vader","2017-02-20T22:22:04",40.764,-59.444,"0",NA,NA,NA,NA
"15U2176","15U2176_2016-08-28","eddies:Vader","2017-02-21T10:51:38",40.782,-59.514,"1",NA,NA,NA,NA
"15U2176","15U2176_2016-08-28","eddies:Vader","2017-02-21T11:07:28",40.78,-59.553,"0",NA,NA,NA,NA
"15U2176","15U2176_2016-08-28","eddies:Vader","2017-02-21T12:29:13",40.736,-59.505,"0",NA,NA,NA,NA
"15U2176","15U2176_2016-08-28","eddies:Vader","2017-02-21T12:47:49",40.735,-59.488,"B",NA,NA,NA,NA
"15U2176","15U2176_2016-08-28","eddies:Vader","2017-02-21T17:13:31",40.699,-59.437,"0",NA,NA,NA,NA
"15U2176","15U2176_2016-08-28","eddies:Vader","2017-02-21T20:50:26",40.666,-59.302,"B",NA,NA,NA,NA
"15U2176","15U2176_2016-08-28","eddies:Vader","2017-02-21T23:29:14",40.631,-59.369,"3",NA,NA,NA,NA
"15U2176","15U2176_2016-08-28","eddies:Vader","2017-02-21T23:50:18",40.629,-59.361,"1",NA,NA,NA,NA
"15U2176","15U2176_2016-08-28","eddies:Vader","2017-02-22T00:42:42",40.615,-59.357,"1",NA,NA,NA,NA
"15U2176","15U2176_2016-08-28","eddies:Vader","2017-02-22T17:02:50",40.184,-59.252,"B",NA,NA,NA,NA
"15U2176","15U2176_2016-08-28","eddies:Vader","2017-02-22T18:41:24",40.092,-59.208,"1",NA,NA,NA,NA
"15U2176","15U2176_2016-08-28","eddies:Vader","2017-02-22T20:40:29",40.006,-59.103,"B",NA,NA,NA,NA
"15U2176","15U2176_2016-08-28","eddies:Vader","2017-02-25T23:07:03",40.301,-55.221,"B",NA,NA,NA,NA
"15U2176","15U2176_2016-08-28","eddies:Vader","2017-02-26T08:09:07",40.381,-54.533,"B",NA,NA,NA,NA
"15U2176","15U2176_2016-08-28","eddies:Vader","2017-02-26T08:40:19",40.41,-54.592,"0",NA,NA,NA,NA
"15U2176","15U2176_2016-08-28","eddies:Vader","2017-02-26T12:26:06",40.529,-54.49,"2",NA,NA,NA,NA
"15U2176","15U2176_2016-08-28","eddies:Vader","2017-02-26T19:39:08",40.733,-54.621,"B",NA,NA,NA,NA
"15U2176","15U2176_2016-08-28","eddies:Vader","2017-02-27T09:58:38",40.883,-54.807,"3",NA,NA,NA,NA
"15U2176","15U2176_2016-08-28","eddies:Vader","2017-02-27T11:35:28",40.833,-54.754,"B",NA,NA,NA,NA
"15U2176","15U2176_2016-08-28","eddies:Vader","2017-02-27T11:39:34",40.842,-54.767,"1",NA,NA,NA,NA
"15U2176","15U2176_2016-08-28","eddies:Vader","2017-02-27T12:04:43",40.822,-54.774,"1",NA,NA,NA,NA
"15U2176","15U2176_2016-08-28","eddies:Vader","2017-02-27T22:03:46",40.679,-54.706,"B",NA,NA,NA,NA
"15U2176","15U2176_2016-08-28","eddies:Vader","2017-02-28T22:53:07",40.632,-53.676,"1",NA,NA,NA,NA
"15U2176","15U2176_2016-08-28","eddies:Vader","2017-03-01T08:45:31",40.337,-53.702,"B",NA,NA,NA,NA
"15U2176","15U2176_2016-08-28","eddies:Vader","2017-03-01T13:06:02",40.253,-53.213,"A",NA,NA,NA,NA
"15U2176","15U2176_2016-08-28","eddies:Vader","2017-03-01T22:05:53",40.185,-53.059,"B",NA,NA,NA,NA
"15U2176","15U2176_2016-08-28","eddies:Vader","2017-03-01T22:39:41",40.172,-53.074,"1",NA,NA,NA,NA
"15U2176","15U2176_2016-08-28","eddies:Vader","2017-03-01T22:42:47",40.169,-53.075,"2",NA,NA,NA,NA
"15U2176","15U2176_2016-08-28","eddies:Vader","2017-03-02T00:24:52",40.139,-52.983,"2",NA,NA,NA,NA
"15U2176","15U2176_2016-08-28","eddies:Vader","2017-03-02T18:50:42",39.514,-51.818,"3",NA,NA,NA,NA
"15U2176","15U2176_2016-08-28","eddies:Vader","2017-03-03T07:15:48",39.197,-51.097,"B",NA,NA,NA,NA
"15U2176","15U2176_2016-08-28","eddies:Vader","2017-03-03T09:24:25",39.188,-50.864,"3",NA,NA,NA,NA
"15U2176","15U2176_2016-08-28","eddies:Vader","2017-03-05T00:18:16",40.169,-49.627,"A",NA,NA,NA,NA
"15U2176","15U2176_2016-08-28","eddies:Vader","2017-03-05T06:50:34",40.354,-49.066,"A",NA,NA,NA,NA
"15U2176","15U2176_2016-08-28","eddies:Vader","2017-03-05T08:25:31",40.401,-49.11,"2",NA,NA,NA,NA
"15U2176","15U2176_2016-08-28","eddies:Vader","2017-03-05T08:28:00",40.396,-49.117,"B",NA,NA,NA,NA
"15U2176","15U2176_2016-08-28","eddies:Vader","2017-03-05T08:46:10",40.404,-49.099,"B",NA,NA,NA,NA
"15U2176","15U2176_2016-08-28","eddies:Vader","2017-03-05T09:08:02",40.407,-49.07,"2",NA,NA,NA,NA
"15U2176","15U2176_2016-08-28","eddies:Vader","2017-03-05T20:29:48",40.556,-48.579,"1",NA,NA,NA,NA
"15U2176","15U2176_2016-08-28","eddies:Vader","2017-03-05T20:36:08",40.55,-48.589,"A",NA,NA,NA,NA
"15U2176","15U2176_2016-08-28","eddies:Vader","2017-03-06T21:44:43",40.508,-47.535,"B",NA,NA,NA,NA
"15U2176","15U2176_2016-08-28","eddies:Vader","2017-03-06T21:45:31",40.507,-47.533,"A",NA,NA,NA,NA
"15U2176","15U2176_2016-08-28","eddies:Vader","2017-03-07T11:46:14",40.493,-47.393,"A",NA,NA,NA,NA
"15U2176","15U2176_2016-08-28","eddies:Vader","2017-03-07T16:13:16",40.357,-47.402,"A",NA,NA,NA,NA
"15U2176","15U2176_2016-08-28","eddies:Vader","2017-03-07T17:55:08",40.287,-47.436,"2",NA,NA,NA,NA
"15U2176","15U2176_2016-08-28","eddies:Vader","2017-03-07T22:20:30",40.191,-47.268,"0",NA,NA,NA,NA
"15U2176","15U2176_2016-08-28","eddies:Vader","2017-03-07T22:52:33",40.216,-47.263,"2",NA,NA,NA,NA
"15U2176","15U2176_2016-08-28","eddies:Vader","2017-03-08T00:00:47",40.188,-47.17,"0",NA,NA,NA,NA
"15U2176","15U2176_2016-08-28","eddies:Vader","2017-03-08T22:20:37",39.182,-46.876,"A",NA,NA,NA,NA
"15U2176","15U2176_2016-08-28","eddies:Vader","2017-03-08T23:38:02",39.091,-46.825,"A",NA,NA,NA,NA
"15U2176","15U2176_2016-08-28","eddies:Vader","2017-03-09T21:53:18",38.612,-45.698,"A",NA,NA,NA,NA
"15U2176","15U2176_2016-08-28","eddies:Vader","2017-03-09T23:19:50",38.618,-45.609,"3",NA,NA,NA,NA
"15U2176","15U2176_2016-08-28","eddies:Vader","2017-03-10T00:58:54",38.591,-45.527,"1",NA,NA,NA,NA
"15U2176","15U2176_2016-08-28","eddies:Vader","2017-03-11T07:25:28",38.263,-44.64,"B",NA,NA,NA,NA
"15U2176","15U2176_2016-08-28","eddies:Vader","2017-03-11T10:00:09",38.236,-44.641,"2",NA,NA,NA,NA
"15U2176","15U2176_2016-08-28","eddies:Vader","2017-03-12T05:30:58",38.065,-44.175,"0",NA,NA,NA,NA
"15U2176","15U2176_2016-08-28","eddies:Vader","2017-03-12T07:53:07",38.06,-44.094,"B",NA,NA,NA,NA
"15U2176","15U2176_2016-08-28","eddies:Vader","2017-03-12T08:05:17",38.056,-44.107,"A",NA,NA,NA,NA
"15U2176","15U2176_2016-08-28","eddies:Vader","2017-03-12T23:57:46",37.716,-44.065,"0",NA,NA,NA,NA
"15U2176","15U2176_2016-08-28","eddies:Vader","2017-03-13T07:33:26",37.567,-43.748,"A",NA,NA,NA,NA
"15U2176","15U2176_2016-08-28","eddies:Vader","2017-03-13T09:13:10",37.527,-43.716,"B",NA,NA,NA,NA
"15U2176","15U2176_2016-08-28","eddies:Vader","2017-03-13T23:36:08",37.289,-43.843,"1",NA,NA,NA,NA
"15U2176","15U2176_2016-08-28","eddies:Vader","2017-03-14T06:45:51",37.07,-43.759,"2",NA,NA,NA,NA
"15U2176","15U2176_2016-08-28","eddies:Vader","2017-03-14T16:32:13",36.978,-43.736,"1",NA,NA,NA,NA
"15U2176","15U2176_2016-08-28","eddies:Vader","2017-03-15T00:05:55",36.999,-43.161,"B",NA,NA,NA,NA
"15U2176","15U2176_2016-08-28","eddies:Vader","2017-03-15T06:38:17",36.759,-43.526,"0",NA,NA,NA,NA
"15U2176","15U2176_2016-08-28","eddies:Vader","2017-03-26T12:46:35",36.35,-44.138,"1",NA,NA,NA,NA
"15U2176","15U2176_2016-08-28","eddies:Vader","2017-03-28T08:05:57",36.854,-45.529,"B",NA,NA,NA,NA
"15U2176","15U2176_2016-08-28","eddies:Vader","2017-03-30T05:24:02",36.753,-46.261,"1",NA,NA,NA,NA
"15U2176","15U2176_2016-08-28","eddies:Vader","2017-03-31T08:21:39",36.439,-46.786,"B",NA,NA,NA,NA
"15U2176","15U2176_2016-08-28","eddies:Vader","2017-03-31T18:22:37",36.467,-47.124,"A",NA,NA,NA,NA
"15U2176","15U2176_2016-08-28","eddies:Vader","2017-04-01T08:37:36",36.285,-47.108,"0",NA,NA,NA,NA
"15U2176","15U2176_2016-08-28","eddies:Vader","2017-04-01T09:19:51",36.306,-47.1,"3",NA,NA,NA,NA
"15U2176","15U2176_2016-08-28","eddies:Vader","2017-04-07T21:43:50",35.656,-47.332,"A",NA,NA,NA,NA
"15U2176","15U2176_2016-08-28","eddies:Vader","2017-04-07T22:11:25",35.632,-47.36,"B",NA,NA,NA,NA
"15U2176","15U2176_2016-08-28","eddies:Vader","2017-04-10T10:17:20",35.761,-48.444,"B",NA,NA,NA,NA
"15U2176","15U2176_2016-08-28","eddies:Vader","2017-04-10T12:35:43",35.717,-48.374,"B",NA,NA,NA,NA
"15U2176","15U2176_2016-08-28","eddies:Vader","2017-04-12T06:19:27",35.766,-48.87,"1",NA,NA,NA,NA
"15U2176","15U2176_2016-08-28","eddies:Vader","2017-04-15T12:33:01",36.008,-49.206,"A",NA,NA,NA,NA
"15U2176","15U2176_2016-08-28","eddies:Vader","2017-04-23T09:21:34",36.692,-50.019,"A",NA,NA,NA,NA
"15U2176","15U2176_2016-08-28","eddies:Vader","2017-05-05T08:17:47",35.376,-49.304,"B",NA,NA,NA,NA
"15U2176","15U2176_2016-08-28","eddies:Vader","2017-05-10T13:55:30",37.091,-49.597,"2",NA,NA,NA,NA
"15U2176","15U2176_2016-08-28","eddies:Vader","2017-05-12T11:32:25",38.123,-50.069,"B",NA,NA,NA,NA
"15U2176","15U2176_2016-08-28","eddies:Vader","2017-05-13T12:53:29",38.171,-50.191,"2",NA,NA,NA,NA
"15U2176","15U2176_2016-08-28","eddies:Vader","2017-05-15T11:50:26",38.482,-48.269,"B",NA,NA,NA,NA
"15U2176","15U2176_2016-08-28","eddies:Vader","2017-05-16T11:47:46",38.807,-47.806,"B",NA,NA,NA,NA
"15U2176","15U2176_2016-08-28","eddies:Vader","2017-05-22T10:26:28",37.848,-48.725,"B",NA,NA,NA,NA
"15U2176","15U2176_2016-08-28","eddies:Vader","2017-05-24T18:06:20",36.407,-42.684,"1",NA,NA,NA,NA
"15U2176","15U2176_2016-08-28","eddies:Vader","2017-05-27T20:55:41",36.444,-44.811,"B",NA,NA,NA,NA
"15U2176","15U2176_2016-08-28","eddies:Vader","2017-05-27T20:56:38",36.452,-44.846,"A",NA,NA,NA,NA
